campaign,frequency,objective,initialization,max_time_seconds,require_terms_over_differenced,n_rows,n_ok,sarimax_commit,commit_evidence,started,finished,wall_hours,cpu_hours,julia_version,jump_version,moi_version,ipopt_version,scip_version,os,arch,host
cel_huber_zeroed_monthly,monthly,huber,zeroed,600.0,true,48000,48000,87f7bfb,reflog,2026-08-23T23:17:27,2026-08-24T04:18:41,5.02,24.26,1.10.12,1.31.1,1.52.0,1.15.0,0.11.6-unused,Windows 10 Pro 10.0.19045,x86_64-w64-mingw32,ICARAI
cel_huber_zeroed_quarterly,quarterly,huber,zeroed,600.0,true,24000,24000,87f7bfb,reflog,2026-08-23T18:33:08,2026-08-23T19:31:37,0.97,3.85,1.10.12,1.31.1,1.52.0,1.15.0,0.11.6-unused,Windows 10 Pro 10.0.19045,x86_64-w64-mingw32,ICARAI
cel_huber_zeroed_weekly,weekly,huber,zeroed,600.0,true,359,359,87f7bfb,reflog,2026-08-23T16:09:54,2026-08-23T16:14:47,0.08,0.40,1.10.12,1.31.1,1.52.0,1.15.0,0.11.6-unused,Windows 10 Pro 10.0.19045,x86_64-w64-mingw32,ICARAI
cel_huber_zeroed_yearly,yearly,huber,zeroed,600.0,true,23000,23000,87f7bfb,reflog,2026-08-23T16:49:48,2026-08-23T17:20:35,0.51,0.83,1.10.12,1.31.1,1.52.0,1.15.0,0.11.6-unused,Windows 10 Pro 10.0.19045,x86_64-w64-mingw32,ICARAI
cel_mae_zeroed_monthly,monthly,mae,zeroed,600.0,true,48000,48000,87f7bfb,reflog,2026-08-24T04:18:42,2026-08-24T08:11:31,3.88,17.37,1.10.12,1.31.1,1.52.0,1.15.0,0.11.6-unused,Windows 10 Pro 10.0.19045,x86_64-w64-mingw32,ICARAI
cel_mae_zeroed_quarterly,quarterly,mae,zeroed,600.0,true,24000,24000,87f7bfb,reflog,2026-08-23T19:31:38,2026-08-23T20:19:09,0.79,2.45,1.10.12,1.31.1,1.52.0,1.15.0,0.11.6-unused,Windows 10 Pro 10.0.19045,x86_64-w64-mingw32,ICARAI
cel_mae_zeroed_weekly,weekly,mae,zeroed,600.0,true,359,359,87f7bfb,reflog,2026-08-23T16:14:48,2026-08-23T16:19:08,0.07,0.41,1.10.12,1.31.1,1.52.0,1.15.0,0.11.6-unused,Windows 10 Pro 10.0.19045,x86_64-w64-mingw32,ICARAI
cel_mae_zeroed_yearly,yearly,mae,zeroed,600.0,true,23000,23000,87f7bfb,reflog,2026-08-23T17:20:36,2026-08-23T17:51:13,0.51,0.56,1.10.12,1.31.1,1.52.0,1.15.0,0.11.6-unused,Windows 10 Pro 10.0.19045,x86_64-w64-mingw32,ICARAI
cel_mse_zeroed_monthly,monthly,mse,zeroed,600.0,true,48000,48000,87f7bfb,reflog,2026-08-23T20:19:10,2026-08-23T23:17:26,2.97,11.52,1.10.12,1.31.1,1.52.0,1.15.0,0.11.6-unused,Windows 10 Pro 10.0.19045,x86_64-w64-mingw32,ICARAI
cel_mse_zeroed_quarterly,quarterly,mse,zeroed,600.0,true,24000,24000,87f7bfb,reflog,2026-08-23T17:51:14,2026-08-23T18:33:07,0.70,1.81,1.10.12,1.31.1,1.52.0,1.15.0,0.11.6-unused,Windows 10 Pro 10.0.19045,x86_64-w64-mingw32,ICARAI
cel_mse_zeroed_weekly,weekly,mse,zeroed,600.0,true,359,359,87f7bfb,reflog,2026-08-23T16:00:20,2026-08-23T16:09:53,0.16,0.24,1.10.12,1.31.1,1.52.0,1.15.0,0.11.6-unused,Windows 10 Pro 10.0.19045,x86_64-w64-mingw32,ICARAI
cel_mse_zeroed_yearly,yearly,mse,zeroed,600.0,true,23000,23000,87f7bfb,reflog,2026-08-23T16:19:09,2026-08-23T16:49:47,0.51,0.45,1.10.12,1.31.1,1.52.0,1.15.0,0.11.6-unused,Windows 10 Pro 10.0.19045,x86_64-w64-mingw32,ICARAI
censo_ridge_monthly,monthly,ridge,innovations,production-rule,true,48000,48000,87f7bfb,reflog,2026-08-22T21:01:53,2026-08-22T23:43:44,2.70,11.78,1.10.12,1.31.1,1.52.0,1.15.0,0.11.6-unused,Windows 10 Pro 10.0.19045,x86_64-w64-mingw32,ICARAI
censo_ridge_quarterly,quarterly,ridge,innovations,production-rule,true,24000,24000,87f7bfb,reflog,2026-08-23T00:33:12,2026-08-23T01:11:14,0.63,1.56,1.10.12,1.31.1,1.52.0,1.15.0,0.11.6-unused,Windows 10 Pro 10.0.19045,x86_64-w64-mingw32,ICARAI
censo_ridge_weekly,weekly,ridge,innovations,production-rule,true,359,359,87f7bfb,reflog,2026-08-23T07:58:07,2026-08-23T08:00:09,0.03,0.14,1.10.12,1.31.1,1.52.0,1.15.0,0.11.6-unused,Windows 10 Pro 10.0.19045,x86_64-w64-mingw32,ICARAI
censo_ridge_yearly,yearly,ridge,innovations,production-rule,true,23000,23000,87f7bfb,reflog,2026-08-23T01:11:15,2026-08-23T01:41:47,0.51,0.37,1.10.12,1.31.1,1.52.0,1.15.0,0.11.6-unused,Windows 10 Pro 10.0.19045,x86_64-w64-mingw32,ICARAI
obj_huber_innov_monthly,monthly,huber,innovations,nothing,true,48000,47999,5b2ec6b,stamped,2026-08-25T23:08:13,2026-08-26T09:37:39,10.49,37.28,1.10.12,1.31.1,1.52.0,1.15.0,0.11.6-unused,Windows 10 Pro 10.0.19045,x86_64-w64-mingw32,ICARAI
obj_huber_innov_quarterly,quarterly,huber,innovations,nothing,true,24000,24000,5b2ec6b,stamped,2026-08-25T00:07:29,2026-08-25T01:20:00,1.21,5.30,1.10.12,1.31.1,1.52.0,1.15.0,0.11.6-unused,Windows 10 Pro 10.0.19045,x86_64-w64-mingw32,ICARAI
obj_huber_innov_weekly,weekly,huber,innovations,nothing,true,359,359,6a11698,stamped,2026-08-24T22:14:58,2026-08-24T22:20:18,0.09,0.55,1.10.12,1.31.1,1.52.0,1.15.0,0.11.6-unused,Windows 10 Pro 10.0.19045,x86_64-w64-mingw32,ICARAI
obj_huber_innov_yearly,yearly,huber,innovations,nothing,true,23000,23000,5b2ec6b=17140; 6a11698=5860,stamped,2026-08-24T22:26:29,2026-08-24T23:06:23,0.67,1.09,1.10.12,1.31.1,1.52.0,1.15.0,0.11.6-unused,Windows 10 Pro 10.0.19045,x86_64-w64-mingw32,ICARAI
obj_mae_innov_monthly,monthly,mae,innovations,nothing,true,48000,48000,5b2ec6b,stamped,2026-08-25T13:16:06,2026-08-25T23:08:12,9.87,29.96,1.10.12,1.31.1,1.52.0,1.15.0,0.11.6-unused,Windows 10 Pro 10.0.19045,x86_64-w64-mingw32,ICARAI
obj_mae_innov_quarterly,quarterly,mae,innovations,nothing,true,24000,24000,5b2ec6b,stamped,2026-08-25T01:20:01,2026-08-25T02:21:43,1.03,3.69,1.10.12,1.31.1,1.52.0,1.15.0,0.11.6-unused,Windows 10 Pro 10.0.19045,x86_64-w64-mingw32,ICARAI
obj_mae_innov_weekly,weekly,mae,innovations,nothing,true,359,359,6a11698,stamped,2026-08-24T22:20:19,2026-08-24T22:24:20,0.07,0.38,1.10.12,1.31.1,1.52.0,1.15.0,0.11.6-unused,Windows 10 Pro 10.0.19045,x86_64-w64-mingw32,ICARAI
obj_mae_innov_yearly,yearly,mae,innovations,nothing,true,23000,23000,5b2ec6b,stamped,2026-08-24T23:06:24,2026-08-24T23:36:58,0.51,0.67,1.10.12,1.31.1,1.52.0,1.15.0,0.11.6-unused,Windows 10 Pro 10.0.19045,x86_64-w64-mingw32,ICARAI
obj_mse_innov_weekly,weekly,mse,innovations,nothing,true,359,359,6a11698,stamped,2026-08-24T22:12:34,2026-08-24T22:14:57,0.04,0.18,1.10.12,1.31.1,1.52.0,1.15.0,0.11.6-unused,Windows 10 Pro 10.0.19045,x86_64-w64-mingw32,ICARAI
obj_ridge_innov_monthly,monthly,ridge,innovations,nothing,true,48000,48000,5b2ec6b,stamped,2026-08-25T10:29:51,2026-08-25T13:16:05,2.77,11.63,1.10.12,1.31.1,1.52.0,1.15.0,0.11.6-unused,Windows 10 Pro 10.0.19045,x86_64-w64-mingw32,ICARAI
obj_ridge_innov_quarterly,quarterly,ridge,innovations,nothing,true,24000,24000,5b2ec6b,stamped,2026-08-25T02:21:44,2026-08-25T02:59:41,0.63,1.54,1.10.12,1.31.1,1.52.0,1.15.0,0.11.6-unused,Windows 10 Pro 10.0.19045,x86_64-w64-mingw32,ICARAI
obj_ridge_innov_weekly,weekly,ridge,innovations,nothing,true,359,359,6a11698,stamped,2026-08-24T22:24:21,2026-08-24T22:26:28,0.04,0.14,1.10.12,1.31.1,1.52.0,1.15.0,0.11.6-unused,Windows 10 Pro 10.0.19045,x86_64-w64-mingw32,ICARAI
obj_ridge_innov_yearly,yearly,ridge,innovations,nothing,true,23000,23000,5b2ec6b,stamped,2026-08-24T23:36:59,2026-08-25T00:07:28,0.51,0.35,1.10.12,1.31.1,1.52.0,1.15.0,0.11.6-unused,Windows 10 Pro 10.0.19045,x86_64-w64-mingw32,ICARAI
req_false_monthly,monthly,mse,innovations,nothing,false,48000,48000,5b2ec6b,stamped,2026-08-26T09:37:40,2026-08-26T13:33:05,3.92,16.38,1.10.12,1.31.1,1.52.0,1.15.0,0.11.6-unused,Windows 10 Pro 10.0.19045,x86_64-w64-mingw32,ICARAI
req_false_quarterly,quarterly,mse,innovations,nothing,false,24000,24000,87f7bfb,stamped,2026-08-24T17:51:27,2026-08-24T18:38:37,0.79,2.30,1.10.12,1.31.1,1.52.0,1.15.0,0.11.6-unused,Windows 10 Pro 10.0.19045,x86_64-w64-mingw32,ICARAI
req_false_yearly,yearly,mse,innovations,nothing,false,23000,23000,87f7bfb,stamped,2026-08-24T16:33:47,2026-08-24T17:04:17,0.51,0.41,1.10.12,1.31.1,1.52.0,1.15.0,0.11.6-unused,Windows 10 Pro 10.0.19045,x86_64-w64-mingw32,ICARAI
req_true_monthly,monthly,mse,innovations,nothing,true,48000,48000,5b2ec6b=9720; 87f7bfb=38280,stamped,2026-08-24T18:38:38,2026-08-24T22:02:14,3.39,16.46,1.10.12,1.31.1,1.52.0,1.15.0,0.11.6-unused,Windows 10 Pro 10.0.19045,x86_64-w64-mingw32,ICARAI
req_true_quarterly,quarterly,mse,innovations,nothing,true,24000,24000,87f7bfb,stamped,2026-08-24T17:04:18,2026-08-24T17:51:26,0.79,2.31,1.10.12,1.31.1,1.52.0,1.15.0,0.11.6-unused,Windows 10 Pro 10.0.19045,x86_64-w64-mingw32,ICARAI
req_true_yearly,yearly,mse,innovations,nothing,true,23000,23000,87f7bfb,stamped,2026-08-24T16:03:15,2026-08-24T16:33:46,0.51,0.42,1.10.12,1.31.1,1.52.0,1.15.0,0.11.6-unused,Windows 10 Pro 10.0.19045,x86_64-w64-mingw32,ICARAI
smoke_innov_monthly,monthly,mse,innovations,production-rule,true,1000,1000,aa68d57,reflog,2026-08-22T18:11:39,2026-08-22T18:21:33,0.17,0.67,1.10.12,1.31.1,1.52.0,1.15.0,0.11.6-unused,Windows 10 Pro 10.0.19045,x86_64-w64-mingw32,ICARAI
smoke_ridge_monthly,monthly,ridge,innovations,production-rule,true,1000,1000,87f7bfb,reflog,2026-08-22T20:20:15,2026-08-22T20:26:59,0.11,0.45,1.10.12,1.31.1,1.52.0,1.15.0,0.11.6-unused,Windows 10 Pro 10.0.19045,x86_64-w64-mingw32,ICARAI
