date,value,x1,x2,x3,x4,x5,x6,x7,x8
2000-01-01,-0.8520870675583767,0.4866690007381264,1.431828583200988,-1.46310717314543,-1.3492703128504275,-0.39368252451928065,1.7275959124861393,-1.4665065372971935,1.6959889110505248
2000-02-01,1.0393966031993838,1.1252397463526522,0.24299182085296436,-1.7249405469077532,0.10465474301747849,0.45743684140218105,0.37372600794529787,-1.3420823896026424,2.0335988990015097
2000-03-01,1.5739195571688,1.642934275138765,0.017437604114142358,1.6021644151836862,0.09723377114487977,-1.6456172451042206,0.6915011463191755,0.3196247568496106,0.33770117163871655
2000-04-01,0.2001730609712839,-0.25715584325514823,-0.7263019856822636,-1.7746817624159716,-0.34385635157947864,-0.8983122744273075,-0.41678419625831625,-0.7331849710775558,-0.04171771201172506
2000-05-01,-0.3783473663724728,1.631460748380113,1.53603271590741,-0.5191247286984498,1.6524361482120526,-0.9767415961100531,1.1353470256030327,1.4120699265120291,1.0274040482487767
2000-06-01,0.5518347116253084,-0.04515665092233147,-1.0740698433837703,-0.5283501118749854,1.5257767097123158,0.5451879480588295,1.3290170080321404,0.2865243020455755,2.1660670562723596
2000-07-01,1.0801716166847763,-0.1173562738338128,-2.072189481281832,0.6451302407794705,-0.5505472623170222,0.20170453895200155,-0.662092265705404,0.10601628488046161,0.7726952179928367
2000-08-01,2.8555647909563637,2.2518415889730514,-1.1475429651379372,-0.5997731469647302,0.6719817530265149,1.0184865623925654,-0.5388564193709031,-0.40804149891527564,0.21075435100212872
2000-09-01,0.8670078376935516,0.567795939556075,-0.23088255701714422,-0.5676285251325807,-0.17476118438558474,-0.8146522968005127,0.20453503558920827,0.29652677346536715,0.03341449764960193
2000-10-01,0.8464552219815235,0.21229566042285236,-1.1387515737987353,0.2505323255414381,-0.6892030370250984,0.6779681242020565,-0.290341213213638,0.21403174593278648,1.5569482280321663
2000-11-01,-3.429175907391226,-0.4330881942278697,0.4529926288582635,-0.7739588521419734,-0.2987027204226892,-1.0238779550426134,-0.8086205084647834,0.18629942534732538,1.7328654520993414
2000-12-01,-0.6856030860637556,0.04879582814461253,0.22500342491609646,0.7154836966448603,-1.364244810439992,-0.7968730212042728,1.9209839567336833,-0.8011358173088164,-0.9077327365982808
2001-01-01,-1.4957169371497283,-0.716085979378737,-0.39652566350963914,-0.0026767433730977225,1.1947879423831718,-0.28684557016742634,-0.5881725291246689,-0.70407248058167,-0.4647174601504555
2001-02-01,-1.0056634612575446,-0.17696157561702833,-0.13300484902760445,0.04186078457687548,-0.5612521068972551,0.5822034618516279,1.438980388093616,1.225640900687826,2.6600291625542676
2001-03-01,-1.4331533703046442,0.1316840503875469,0.08109463150728063,1.4513817251884786,-1.2879736730934648,-0.5854093306930562,-0.41065086128693756,-0.16556812965358383,-0.8415358450341541
2001-04-01,-6.401176877293745,-1.4958813447091162,2.379721721344795,-0.10290627119621926,-0.6042301911452227,1.1177055969609389,-0.06351939429325912,-0.2377200184924864,-2.613519299827107
2001-05-01,1.1953551467631849,-0.5133121746354649,-0.6693461347199695,-0.34263567598277694,0.04633124618650315,0.07549991581823991,0.09332560078278795,1.5925839656343965,1.8623344017798213
2001-06-01,1.8817982115532392,0.3888136106601318,-1.2330238359836072,0.6576165223074842,-0.33818048595091654,-0.6929254965164743,0.6315365085382311,-0.2044104985117213,0.042594358588017564
2001-07-01,1.164644604058991,0.23453445805559,-0.25232556250149496,-0.321158688940844,-0.1109357213565544,0.9808302540930441,-0.8091763925016712,0.34682750353672137,0.8910304099092244
2001-08-01,-2.0280946441098195,-0.9800364822767017,-0.24345045257149545,0.24667973953084357,1.0108605565062017,2.377843366646034,0.3772078189297637,0.480101736030183,-1.1745644623078957
2001-09-01,-0.01122179789416361,0.5445546910664626,0.44435402781428146,0.31530948324437835,1.4947232563988488,2.1475731264726967,-0.5564440728528482,-1.2409488217057647,1.5882586382336523
2001-10-01,3.0971524958342096,1.7582977734894987,-0.509982746567315,0.6491826957872635,-2.4023666819373957,0.11292494512812108,0.9614635958006408,-0.12900100676658174,-0.713476711629138
2001-11-01,-1.9551336154324541,-0.8744146583658718,-0.6158535618963086,-1.1369020901322144,0.9595803279783764,1.562346968120979,2.110356074412006,1.25133675218581,0.1136512217463246
2001-12-01,-1.9492076118007506,0.809084162910638,1.3846294150192777,0.6709576225625946,0.996357271640156,-0.6014339504656228,-0.9837192677259148,1.7540281558086885,-0.19990083606510545
2002-01-01,5.231980974047215,1.7601753432956766,-2.2473137317027527,-1.2559593712598962,1.3816133335938166,-0.0902513754944341,-0.01354625789318306,1.2440880296155399,0.8521267356690223
2002-02-01,2.9460877219837363,0.9191285506473347,0.5039234364209207,0.9154213720045107,-0.6507602647609106,0.36657858545388333,-2.453991505437769,-0.335372684140404,-0.06852177200284566
2002-03-01,1.977676470513655,-0.20581388391760486,-1.3071552156807293,-0.13016522473080905,-1.2192529629669475,0.6602532801833686,-0.23241073796025588,0.13087408427659292,2.494415935543399
2002-04-01,-1.561762883041228,-0.6861270455300787,1.4163686656770103,1.9409728710750846,0.2597200419395369,-0.0017548551185411075,-0.4693018207245344,-1.1663581108070518,-0.6551792471008848
2002-05-01,-2.9834654687624655,-1.7385164549945775,-0.7440638795402895,0.8560123787619358,-0.15785326377946574,2.6606340383381726,0.7358445032360146,-0.21487076305418207,-0.6851638000523763
2002-06-01,-1.9975011197236439,-0.6030996616731289,0.7394572611850913,-1.1035443863327268,1.4943648245126915,-0.41875314058461044,-1.334179648436526,-0.26048343499676985,-0.7505071600883558
2002-07-01,-0.07783512277959098,-1.3893431450540057,-1.6318933123164419,-0.4685796267761133,0.5658569515075913,0.23712481882335212,-2.3438082241333538,-2.021612006556811,1.7724342982372616
2002-08-01,-2.8807494845630996,-0.8068543244886667,1.0778696367250995,-0.4860418066438342,0.05929689671677237,-0.45184146521320373,-0.018542757500357887,-1.360894293328917,0.23288484489337247
2002-09-01,-2.439539073790105,-0.26078793505142034,1.3218738030531472,-0.04052234878526264,-1.745299367852945,-0.2678310201423297,1.1341251872478946,-0.28201436229175125,-1.150803130803866
2002-10-01,1.4864046818423884,-0.45825803497454987,-1.6022731693784462,0.25867892718557334,-1.1632537057080268,0.5478905563995916,0.13897322557166114,-0.4094111448793711,1.050268270099148
2002-11-01,-0.4086656201783409,-0.8170504997475925,-0.5432095256665765,0.7167894996841111,1.026866029985518,0.4458414755951389,0.22000366310446762,-0.35979744855765877,1.6615680394240397
2002-12-01,0.30815396625203706,-0.7729317641855811,-0.25592490583735417,1.4153541666686653,-1.266563126315769,2.4609239350389833,0.527610830934424,-1.0541195336289588,0.7940960791117592
2003-01-01,4.1607318632745605,2.875999618485541,1.038286765407966,0.2655791054619394,0.2888079834849467,-1.6557065440318917,0.09824821741446867,-1.3246391245034648,0.2675418712827736
2003-02-01,1.754874631885733,0.4085343048700933,-1.1761172583858326,-1.4658531806497197,0.3849665213954143,-0.026170728285021115,-0.5606355155364893,-0.330919728337859,1.2907626585496579
2003-03-01,3.0206006377554573,1.6290113760475848,-0.3552188810175883,-0.7397532670886123,-0.21738378286368276,0.9618700691172789,-0.1272798087922923,0.4080466309609569,-0.31406711227991857
2003-04-01,0.7332394554119174,1.0622833673033267,0.9106548316213897,1.963244717668824,-1.156908911259901,-1.2451391006971815,-1.0903144891202599,0.009874293294808887,0.3346249722203474
2003-05-01,2.3438314940463534,0.9942111837056927,1.7280114635865496,-0.8142017404665661,-0.8626898830477248,-1.365055353890359,-0.9458835332075632,-0.6316019221991004,-0.5515681964229597
2003-06-01,0.44498047720259626,-0.08284270307505785,-1.412496871228386,-1.3318543067049282,1.0299327019662572,-0.2580619215884187,1.0238858879257011,-0.6341747852890471,-2.3365313944573907
2003-07-01,1.9967633673772576,0.30939254642694347,-0.4128647817210851,0.5525608440127293,2.005374949282453,1.123957390105073,0.06797221598708253,2.020165190732905,1.1241580297657674
2003-08-01,-4.4000890508399815,-0.3901913361265628,2.8865020146959077,0.7603219707668147,1.1446775523584258,1.6926452273145887,1.1776889054228785,-1.4253568855637655,0.8424244426499921
2003-09-01,-4.986896759926868,-1.1214561853013947,1.5720146640945851,-0.4053069259109888,2.7306514603355443,-0.6044036500005633,-1.641335820298201,-2.3134014169804806,1.9988869209360625
2003-10-01,-1.1807314667040507,0.072686237693092,-0.6335822764412091,-2.442656253414709,-0.8380550512622712,-0.16852183784528765,-0.2518003522858347,-0.694403328653611,-0.3193846772093514
2003-11-01,2.0024829646158904,0.6223558944633828,-0.7823013413336672,0.13261524029281796,0.06160388187196301,-0.9249668152943075,-0.5577988404827184,1.2244976618615317,0.44600239672185
2003-12-01,-3.340293857733197,-1.2230160578868206,0.2323286280789108,0.05171606853982558,-1.0121212086540718,-0.16654915083174826,-1.3404655459294952,-1.0176142452662256,1.0825632843679542
2004-01-01,-0.1543351422425583,-0.03720297659765205,0.6622647768838397,1.6167908998825893,0.6776959279171341,-0.9754427023491534,0.6520881102401008,1.232693406897606,-0.5546665782674796
2004-02-01,-0.6713701135549264,0.8214089176574296,1.6257782925983917,-0.49002053149144725,-0.666726181519558,-0.521956362102446,1.8460740224975503,0.06005588257572382,-1.7394163802061664
2004-03-01,-4.1887834171855625,-1.7419821934684958,-0.38309671617378516,0.44089565118060087,-0.6797040595147316,0.7196219773257787,-0.408339283575739,-0.30051045875501387,0.3006826362370119
2004-04-01,-1.35365259161773,-1.4199762088316028,-0.6134767079039343,0.9939364147213757,0.3638286183199378,-1.66866488958442,1.503460653063375,0.7334059675340806,1.2859021633396255
2004-05-01,1.3487598315834939,0.2632329002460846,0.06820856027857432,0.2156842279828477,0.7537595574067224,-0.7358672372219969,1.838560389003209,0.13129021392207804,1.9933417533406248
2004-06-01,-3.7992151506895167,-1.6627226250985077,0.5030419928092694,0.37165398606950745,0.39862467405858815,0.737439578754969,0.6322787415299269,0.8730141630089617,-0.8247210701005036
2004-07-01,-0.010687428676373067,0.034966738644691776,0.9402242105766259,0.6672107759648251,2.1618365276251224,-2.9250233133264167,0.8991543228935331,-0.7425754796309053,-0.3026097156574083
2004-08-01,1.7993171940614041,0.6818589618859815,0.11901739119624428,0.5376670004010334,2.417017446523899,0.7453436554661469,0.6603763564675936,0.5035835085697657,-0.4452526744314621
2004-09-01,-3.7101377496391654,-0.9503098153630689,1.125639277090719,0.15182369718078048,0.016734977364385357,1.2036454081019223,-0.35365523486332856,-0.6454853344544444,-1.2157437937143472
2004-10-01,3.3982582147904945,2.0875548002829807,0.5381926871946201,1.3600091172237962,-0.5398555095366485,0.47595989947079553,-2.1749633209672212,-0.5028014572585577,-1.5117007934357478
2004-11-01,-3.998257251738501,-0.4758627211826917,2.2260552123362607,0.011237093154863528,0.21591160134257076,1.6602382577734467,0.13260812842831418,-1.1738275438794104,-1.7048337544748995
2004-12-01,-5.353443304528092,-1.3320024048533414,1.0572534091560677,2.957567118250119,0.608254387389628,0.589144077646866,0.8892229593775722,-1.2772745435108492,-1.133363521377983
2005-01-01,1.5881053528360352,0.7192315711112748,-0.8475149561856826,-0.8624172458432448,1.0007247769387424,0.9775745134250793,0.2919205752728519,2.3921181665088387,0.2866548379671186
2005-02-01,-2.8008163563430704,-0.7997199157239465,1.3518778304337031,0.7443248811712914,0.05205452340562334,0.10598058396253084,0.9615500270033656,0.2913731299154662,0.3689245264516538
2005-03-01,2.6733712985475897,0.38722707160834097,-0.5916623614217179,1.1158440554046751,0.9222426982233174,1.2922953571706082,-1.1407515239207613,0.2204681833570901,1.4859550974717195
2005-04-01,-3.468495935736853,-2.0039994005453976,0.31096117569735926,-0.38242142694786097,0.9965238797675421,-0.16016565750264794,-0.7330532953471816,-0.5616860441934692,-0.5271934081557957
2005-05-01,3.3437536400319043,0.1523240564110965,-0.5390275622361602,-0.06103746777661085,-0.4490494396561834,-1.2335351721430987,0.45621838366721207,-1.001353739933574,1.0764027968147023
2005-06-01,-3.683233817384973,-1.0893936155157073,0.525734269707795,0.3249914208241119,1.1049098596791869,-0.15770472997411708,1.2227912364215785,0.7030261061419993,-1.337322478378175
2005-07-01,0.1952089774369734,-0.142522928381741,-1.8338908363050075,1.3035893227107982,-0.2922305264067241,2.1226447292618253,-0.6108171590483759,0.5172982148486795,0.010998360755177378
2005-08-01,0.02989775549080842,1.0311636781350721,0.7738652261330817,1.3664698983427208,0.9401248777983273,0.8417111062304641,-0.18564004779367063,0.704803951290753,0.3593809695588888
2005-09-01,1.031159312455491,-0.5360595661822368,-0.5727033423756897,-0.1635994108260347,0.9711789483232037,0.39511658167004604,-0.6414582574077474,-1.2269749124571872,-0.8750385037431789
2005-10-01,0.23209860328486936,0.08525825037077724,-0.458336701998219,0.6668510229201433,-1.528375003046518,-0.9718822254675428,-0.7959828042856361,-1.1159345958289166,-0.8360942623021176
2005-11-01,0.3249656893365828,-0.43685781742139707,-1.005179668549877,-1.2108483527321738,-0.9430976939503326,0.21285918502945175,0.9552990403431648,-1.2777005643802652,0.5653071238300919
2005-12-01,-2.278343983895544,-0.20725489294005534,1.9057441879079444,1.4232998732330826,2.310643637041159,0.6507576018059643,-0.4408704337817711,-0.6377923007366878,-1.0362785507227241
2006-01-01,-1.0641528931715192,-0.2083238396662558,0.8712935358176009,-0.5132134489801482,-0.16815997201940416,-0.10462915216101847,1.3733471488823314,0.21897100578504128,0.25065535106341164
2006-02-01,2.734504514362551,0.6764605803731857,-0.38942322453199135,-0.9787158841713408,-0.17624977863455077,0.6654343429605719,0.466914427722723,-0.037777520935644106,-0.658581338091911
2006-03-01,2.0596851023886034,-0.4992219561301651,-1.9144932955545766,-1.2921635675809933,0.2124882495892956,0.008486550813270353,-1.092033922792687,0.16443754790509596,0.27272288016807666
2006-04-01,-0.6138172818780403,-0.4915608844094276,0.053221865780006455,0.054724277022656975,0.4234708285301477,-0.22202210029791256,-1.7750878393713556,0.17859890180740426,0.6213358284631181
2006-05-01,-0.03616457213377067,-0.3401984576586389,0.47765149558554576,-0.6395164718276785,-0.40347074326658755,0.9144664582548178,0.7161393731647283,0.14670656528600134,0.5595271819000586
2006-06-01,-0.8310390481083607,0.4682964654876854,-0.23403090008630087,0.11403251768387568,1.5701054924098323,0.1283953105198783,-1.7071787676897157,-1.3577046446631236,-0.2996693219181462
2006-07-01,1.218296593111055,0.9057469407334742,0.7253417938918114,1.0273013311053365,-0.43651416319060965,0.5193212339678227,0.13706322652153852,0.3514997402473437,-1.2215885729229028
2006-08-01,-2.603227258871589,-0.9107270209831743,0.05169620049079393,0.8760647750392497,1.3955717620505954,-0.6259980905449605,-0.9510687207907664,0.48342731822469936,0.12778521404582432
2006-09-01,0.5507441965028409,0.6757233490331218,0.2893304129926732,0.1333070317522771,-1.0289448161255719,1.2808901181763057,2.1134511287959383,-0.24977787252000008,-1.7739217144900272
2006-10-01,0.30289879651482565,-0.4650276350872501,-1.4747987451277131,2.504009313413762,-0.138786455329197,0.26635073954459076,-1.16018738524207,0.4077886024463221,1.0518208990194826
2006-11-01,0.0440614036669027,0.8588736867954654,0.1853748594312866,-0.8598396625294054,-0.6012870871494199,1.4066315476761773,0.6982150112061333,-0.7145382939958719,-0.8266946062571079
2006-12-01,-1.9561709385074046,-0.3595557742098906,0.38856912824450696,-0.06883721444545278,-0.6404570032769317,0.004417537041621181,-0.11726645897647169,-1.0407622273720911,1.4234728676869675
2007-01-01,-0.34053551883797606,0.6974811503395164,1.6718701614321019,0.5636454627851389,0.681058221130321,0.9317616762006244,-0.5679821324604638,-0.3101013689405387,1.871511131187924
2007-02-01,2.7138270336373833,0.9533586804894179,-1.2377535912500703,0.22394212099620184,-1.3031966041387721,1.0002686447743387,0.7316814846819995,0.08741602265096474,0.05916327420463814
2007-03-01,-4.95119344286683,-3.2590467457889267,0.6508125743100509,-0.9761068425625639,0.20012105458320123,0.9367835663302295,0.40892837153908196,0.31099735470990236,1.7195943602990442
2007-04-01,-5.374208219473855,-2.1726104391566627,2.230685922163417,-0.41025399631495363,-0.504537737223477,-0.9659247141588762,1.7543024674387475,-0.40971837336627326,-1.0171692471699902
2007-05-01,-2.992862926704972,-1.384862673219038,-0.6544467019624022,0.4268764896708958,-1.0324724450165848,0.6416212017782033,-0.25911396472158366,-2.230779063353768,-1.386979356470094
2007-06-01,-0.6205717582184007,-0.7985798142662248,-0.48416482950005263,-0.9603719615850255,0.7949824738034718,-1.7746624146826455,0.26961440329231395,-2.2803716389537105,-1.8177937991059478
2007-07-01,1.8563775432200869,1.123582810154836,1.0946073205148468,-0.8784446044211248,-1.5651925397802673,-0.6649726017515412,0.8760137887331418,1.3605080458364618,1.5320348167191227
2007-08-01,0.2567481311027984,1.170483684261777,1.8033448102004892,1.5718040334851167,0.042019079322110804,0.07366849438214036,0.3793905854906034,-1.5998614378697926,1.467221827067097
2007-09-01,-2.415999160585107,-1.614277997083929,0.2481389442921927,-0.30531634359980087,1.2047064744333278,1.0056052979718948,1.009012757276275,0.6410841520345494,0.9900363293037976
2007-10-01,-0.749871975515365,-0.8043143678560775,-0.9430415140339985,1.5128194457787356,-2.5422077433755783,-0.7643270795732724,0.33029246470163165,0.0929707495641578,-2.0668611072566
2007-11-01,-3.1991660673101947,0.32256109579069875,1.7705421754669282,0.7444789084591451,-1.0763548250531876,0.41473231004535915,-0.4706599160312678,1.2849812108796939,-1.1176362398935826
2007-12-01,-2.0000311014882763,0.01805318314875534,0.851124792217397,1.5344571955639659,0.12897048666623184,0.4397905414853084,0.04310530364132134,-1.1005244779798067,-0.6775025886544532
2008-01-01,-0.6026298577001917,-0.5818649631229519,-1.2042296308372336,-1.0194716033258322,-0.161866139405625,-1.1649646759583883,0.36254982867985663,-0.003596527571722508,-0.13759608251834432
2008-02-01,1.4756972082510003,1.8786312020180163,0.8079994797032944,-1.2188678402922906,-1.17167832290405,-0.5148553013133762,0.8977400597891,-0.19061032133568964,-0.992205458420449
2008-03-01,0.2425869152097771,-0.19477968150362734,-0.06984554716545087,0.2612119719667368,-1.3897558383366073,0.5792148928662699,-2.0672463931206253,0.8456387453596549,-1.220967241595888
2008-04-01,0.4804916438603958,-0.47961861309289056,-0.4167852778439427,-0.3685145978294816,0.35096383289521477,0.381440029091143,0.15063566318317412,0.6097067345423773,-0.49111209893683977
2008-05-01,-0.5506012747882292,0.2784000563099226,-0.14532160352012846,0.7544685844753757,0.16525966056142644,-1.2197964512768193,0.024010138934081795,-0.3948833994217722,-1.1864089190373857
2008-06-01,0.4960668450522989,0.5773974536713156,0.237420021605334,0.29639445048019636,-1.6413166156580508,-0.29215616706945235,-0.6311688201317286,-1.664107867378486,-0.22553581681509394
2008-07-01,0.29235768410338736,-0.10785309650489742,-0.8307201055691514,-0.3423809307249304,1.0058470043950842,-1.2944086052045665,-0.5425488954857084,-0.1829276156083566,0.2575822067870743
2008-08-01,2.7100911197910555,1.084562787011883,-0.6846248908676487,0.6406264144631748,0.559314963234146,-0.07666024096543501,0.7832545392565994,-1.5776089982624724,-1.2838985279650332
2008-09-01,3.4778961616340465,0.3065956669061443,-0.9868569881187182,0.9420379383668506,-0.2883450871852022,-0.14126916068451362,0.16698943986482645,0.5066211848521894,0.20513474967898204
2008-10-01,-0.2411116755273277,-0.5071937438299035,-0.14970311957317103,-1.5721971113326405,0.8889044074288722,-0.28722392181985273,1.2485159342876502,0.7224331671996514,2.4590535010905707
2008-11-01,3.318458439052273,1.083242625971682,-0.9855403906723207,1.5207058277143501,-0.7634798226639766,1.8553756099869971,-0.8812506726200583,0.9738758363900175,0.3668797534402442
2008-12-01,1.8153725587462823,0.995423937096315,-1.0135024780569164,-0.45976343521033824,1.658181821745024,-0.4246423747592781,-0.48785038808339626,-0.5971414556285998,0.26757376525308546
2009-01-01,1.7143114550590268,0.27657079939099816,-0.9001144790672478,-1.4082256555455404,-1.7823106304673733,-0.1359790958241849,0.35385218504937566,-0.5972083154156741,-0.5147396016648577
2009-02-01,-0.25925082901994084,0.7853904569872766,1.6004889551020993,-0.19602572731356557,-1.9725262050430619,0.7208761945602801,1.2475928201194293,-0.6468857236688855,-0.5854129007423851
2009-03-01,-0.5178504785454385,0.9864816881819298,0.16499015830226774,-0.42477991416518834,0.13596810447040894,-0.4698233788432839,-0.3937281419641306,-2.2161824676302886,-1.455749188433418
2009-04-01,-2.308871841367751,-1.6995974660361868,-0.17190674144465093,0.7554843035531561,-0.7785839643836162,1.0256793519336822,0.018450662527722095,-0.18747747106808382,0.23587827834770222
2009-05-01,-5.203615773632274,-1.0348735288826392,0.9079289069622152,-0.3636583218915149,0.4931860463643135,-0.6883618971085608,-0.15170658197528408,-0.46106724774845487,-2.958731543658547
2009-06-01,-0.3213260387222512,-1.3995088110062328,-0.6421991754280575,-1.910289069345852,0.5451603985113297,1.8880288351163366,-1.0070365701472288,0.3893717472908494,-1.3932989003608267
2009-07-01,-0.15293187258911708,0.6065554692309256,1.1993712773123524,-0.28510424916972543,-0.3628126271455991,0.29610530499612414,-0.39914968408926854,1.9905442657839443,1.2103335704106581
2009-08-01,-2.972785987021947,-0.8432845857665595,0.6762931143093315,-0.1667296420524536,-0.32330742334846335,0.714273779775335,-0.46702365485847913,0.30773546746317504,0.9012964154726855
2009-09-01,0.4221620602798133,0.34236001319889736,-0.09490908362616163,0.8321125524137288,0.6669977595548738,-0.5948336068906932,-1.0498665016924806,0.649267707009026,-0.6233032012011915
2009-10-01,0.5110767520398265,-0.6988413890211956,-1.2316916089449967,-0.3798306901753329,-0.17151470069823044,2.56696549417077,-0.29365364159833446,0.029398334444611627,-0.394857485803665
2009-11-01,2.9348357322069516,1.0801623780635856,-0.7446661595551636,-0.6316493349343569,-0.9019028710571457,0.13473650546583527,0.21664908479213743,-1.762412527199777,2.7058043744629106
2009-12-01,0.37549119218558524,0.37239720964416306,-0.9748259404089361,-1.401713093866079,0.9376644920832148,0.849425850244648,-1.7305372211997645,-0.5706444591718868,-0.7433266994502982
2010-01-01,6.586878849767318,2.567957692331527,-0.4297527127858642,0.0963001140721138,-0.7847525789633112,-0.04291541162093797,0.5863867494693947,1.4127717583205004,-0.37343491372665427
2010-02-01,1.7717151220851264,1.2706507857079465,-0.33665106615856993,1.1568632081876766,-1.7851972044873565,1.2778680990238085,-0.01421492159825981,-0.4616335018625996,1.8669463460398397
2010-03-01,-1.5517950151472024,-1.365122986493709,-0.005214947045486597,0.059402335049919,1.4372287407136959,-0.6602016392815883,1.1096181375260514,0.5256577468399317,-0.8242055582479204
2010-04-01,-0.4296240511648986,-0.17929417204276396,-0.14900036111772963,-1.2350506913453578,1.0939239952172874,1.3603320101984624,0.9737493276042267,1.7276544941228527,1.347925812505509
2010-05-01,0.0517852649812196,-0.7632826681059821,0.5248442040309134,-0.29718084316793814,0.061832138511311904,-0.7588322727151199,0.8177528567337305,-0.3499168870673355,1.504939888086653
2010-06-01,-3.520759883287398,-2.931541850975299,-0.8240360943215782,-1.2584622309953897,-0.17771679299021184,1.2978276283801256,0.33080886702665246,-1.4629768854713832,0.9371568581150695
2010-07-01,-1.979488156485706,-0.4371387531458807,0.7522098548190219,0.19576191155779793,1.9704422184158092,-0.38873803752086494,-1.470955142800977,-0.5040812024008645,1.469626437643436
2010-08-01,-2.7861879209317224,-0.02383863808746214,1.910900609732938,2.0576769510516812,0.5962863967075409,-0.7413235090705179,1.0766534840055808,-0.31993320652109947,-0.6306504427372261
2010-09-01,2.0426566549738214,0.1388196689557696,-1.426268758324038,0.23800594498179647,0.6861406543150862,-0.08821154117532738,-0.28309124686786247,-2.7428632634706225,-0.7338591242972173
2010-10-01,0.25293063435009067,0.04273682813836193,-0.17202577749911793,-0.276760312683278,-0.9198049103976551,-0.3012716952238842,0.9138744280588854,1.4971806896638238,-0.7063768692281822
2010-11-01,-2.4749240345254373,-0.6836983466432617,0.6663019366420608,0.32269219122735354,0.32530873921265585,1.0259562955039676,0.4233037918088549,0.2933393940562799,-0.07987575908767822
2010-12-01,2.3645645762993,0.6185347136112775,-0.568899536631274,-0.6171451336503115,2.029646754969931,0.07278822598323828,-0.4011469741965301,-0.7603672430311148,0.26051738809805364
2011-01-01,-3.295027481242519,-0.06173894641272438,1.9472329116283817,-1.6666653085732406,1.1337883598227319,-0.620371764047122,1.3087360436162063,-0.28528124656105025,0.8356577372415366
2011-02-01,0.8013513470548291,-0.3533982365370904,-0.7917844472964697,-0.8363044111222051,-0.6467337581337317,-0.5643234506095469,0.9273896578983795,0.9131549232619164,1.440576605773451
2011-03-01,-2.2197498734171144,-1.2305448861952764,0.88616435752229,1.9044597286566118,0.8641131748386759,-0.592475912402953,-1.2882589134381766,-1.1878565842350033,1.28916431574073
2011-04-01,6.838106974573668,1.8548727209900493,-2.464682666262678,0.845873371840116,-0.38996984800312323,-0.3467321895942497,-1.8681205450724987,-0.7576726452926383,1.4464617198411724
2011-05-01,-3.6351345185941817,-1.0891911957912845,1.4952445709750022,1.6063086015157162,-0.14552474752712702,0.15131857895500178,0.20725592106156385,0.5688684566023474,-0.8918007361559404
2011-06-01,-0.4351574376813878,-0.36729300007675664,-0.1157318308516599,-1.8432763909383807,0.8291736182243425,1.0129635301453805,0.9803444285611684,2.708646363629576,-0.13087811159518745
2011-07-01,1.8872734557432045,0.5290345156131305,-0.6995208691074777,0.665112495510005,0.7714340942294019,0.4128903876918261,0.969422931383247,0.5910733227641726,1.5478915338341703
2011-08-01,0.671526967376524,-0.6401677096257307,-2.2068289356570485,0.4145852372628657,1.399581107379957,1.5685526023371168,-1.5731386190778354,-0.9005792596055964,2.210342635884633
2011-09-01,2.8994536191353912,1.885045565695277,1.1817414544234377,0.5935703631769796,1.0654808192874716,-1.2988182143397289,0.4981468058963047,-0.6941174876010292,0.5468880063599278
2011-10-01,-2.6359666307928333,-0.3884743670936328,0.5807249162803296,-0.6638958212613979,0.6711778475841391,-0.8050976825645958,-0.34294505280017373,0.12648464997590686,0.8397849655200192
2011-11-01,-2.9689524939620484,-0.8952030888591731,1.6532132859601982,0.19763131161778916,-1.2979562840519177,0.9623373855884668,-0.9721347673789176,-2.3506645586077015,1.4860861502080749
2011-12-01,2.7572510359657185,1.755755219887665,-0.19827213687914014,0.45935743430364984,0.3234940379584742,1.0474358473175795,-1.6573245630356273,-0.17744496334757068,-2.108564887455702
2012-01-01,-1.451534552948775,0.13266501513583887,0.008804195448571066,0.6419849112747947,-1.0466280282874156,-1.0381625493816777,-0.6195794540627342,-1.2101289094202727,1.115930250631302
2012-02-01,-1.1645275321291573,0.4313096389035096,0.4873275511948714,-0.2441313179939044,1.1790058548303084,-1.803127527767267,1.7980893657775772,0.9155614400146088,0.2668499194568546
2012-03-01,-1.7132439228788323,-0.7960161442760408,-0.740604300115746,0.3827010675358405,1.3757722843885203,-0.4803546136413393,-2.1402698128675595,-0.07174435729781149,-1.7029130391614
2012-04-01,3.552872284396054,2.583979770132237,0.3613487224463268,0.16603916658856646,-0.870339213060788,0.4920345146073239,-1.0836900112757917,0.35571795031371817,0.6869193944142241
2012-05-01,-1.328572323377617,-1.7872385347661148,0.5544816402077257,-0.7287745918953616,-0.712290404114014,2.810911109601242,0.10866114719554695,1.367064324612992,1.6075804481974683
2012-06-01,-0.24018723234406136,-0.390293636510821,0.41013155943784807,-1.9172049806690796,1.4384895447928632,-0.5873115823681614,-1.6286421894432823,-1.251113237161642,-0.611625258197669
2012-07-01,-4.548764995562138,-1.6363588800016087,1.2774825296310914,-0.09503058109635207,0.751887693988604,-0.2919129568359765,0.29956004654883395,-0.3366860820243857,0.9043461362928326
2012-08-01,1.7099559015294052,0.1043228388327407,-2.3600882918524917,0.24380874216312742,0.6222725240210029,-1.634723846092812,1.3905520065127213,-1.3402821938432192,-1.2719038938407643
2012-09-01,-1.7237583126400235,-0.2808278974561821,-0.11670526418584913,-0.021403670694800644,-0.3428016282486848,-2.159305478493886,0.42357189094076897,0.27633732476736395,0.4981031341889304
2012-10-01,2.374138603551521,0.84157368221504,-0.3758303832943232,0.22250677439406616,-0.13890999588933373,0.009403455769661543,1.4899440774191393,0.39526395584320867,-0.10609781708968823
2012-11-01,1.7409210404073,-0.7109273774838037,-0.9342829747176583,1.6369337876724546,2.289214617820081,-1.3427088731132424,0.19571733228142554,-0.22246661430747933,0.2842951063729571
2012-12-01,0.9420960184759288,-0.16378432464921638,-0.8976254025325505,0.264046534010557,-0.9319843037441367,-2.230358927503124,-0.9060264746630973,0.11395976106131156,0.8445846700015995
2013-01-01,1.5037411193587116,0.29118387178737304,-0.4412167980317289,-1.258456343636521,-0.7008247960135954,-0.8008455260957171,0.7537875628970686,1.4170700100878666,0.2363866272062627
2013-02-01,-3.2801710686925873,-0.43732405488497866,1.1416119230868582,-0.08815363084392536,1.322947042012587,-1.1364034665440386,0.8878961197647247,0.06723859933578219,-0.8878145273859953
2013-03-01,-0.7799551981075341,-0.407669698477671,1.183794176106396,0.591027305385801,0.3778622622903651,0.5235169895710684,-0.4330493319584451,-0.15425815701573567,-0.5176560081190847
2013-04-01,-4.399451544219169,-1.9307985804732293,-0.06285141273484719,-1.1301074431197875,1.4623449995759303,1.5879972490601948,0.4231959143383114,2.186251392802937,-0.1016443377540275
2013-05-01,-2.1503243728775168,0.5457178854444736,2.4287216729608057,-0.5138085711732183,-0.44289407548429277,0.7816647136651724,1.3279485570343155,-1.2497818800239662,0.10513583417601716
2013-06-01,3.0897657396007387,1.5124634948866105,-1.86987079542622,0.7776947049666616,0.8933151971023938,-0.002715855180747211,0.778159414677227,0.03890350632411722,-0.40597069456773943
2013-07-01,1.7786526360626493,1.2429816775070175,-0.7638264461008821,-0.03749953998618404,0.43324448011512384,0.18625670120804202,0.25277101144088976,0.5536397679500955,-0.7507025189342013
2013-08-01,-1.6420004394521164,-1.1629477245822706,0.6327174366727065,0.8707105878112111,0.912563072235526,0.5186642757164632,1.1951106522088144,-0.5383073937975119,0.7026139223907867
2013-09-01,0.3425502537392682,0.0020162874211648797,1.1287024095959073,0.4789968813655018,1.7442374714932665,1.6188040305316869,-0.8799140187594044,0.25043747034643077,0.8524560920768641
2013-10-01,-2.504815057548044,-1.123960896885746,0.9650698772424566,-0.8703485591181619,0.5854867741995705,-0.3704825988142212,0.626332826917694,-0.09833072872233878,1.3737532022711256
2013-11-01,-0.7821175245333992,-0.7553954176127229,-0.018065266666923704,-1.142301544582139,0.40210369894269354,-0.1801392446838397,-0.14611223815748103,2.0343327801912796,1.3139374407352054
2013-12-01,-1.480755683794824,0.8268152243036799,1.392971848228518,-1.0886871036850259,1.6761799609725525,0.20709044195688583,1.997448766034916,-0.33581305813917317,-0.7817616399096494
2014-01-01,-0.6190965748749059,-0.7737010852465016,0.3116026931801519,-1.1431008419679853,-1.4205065539335222,0.7740424286209859,1.0570415001507758,0.2646256742287124,-0.06498415292935039
2014-02-01,-3.3489338906381043,-1.3201505590729257,0.7244489366286418,0.07520236527065406,1.3850174098244177,0.8516035779815263,2.0828515995698056,1.251397991043026,1.7423627200523806
2014-03-01,3.4333902404787735,1.6348582496036204,-0.27796611312699165,-0.7713297711914572,1.7470534604221306,-1.3891046383178034,-0.060260357558131056,-0.9014326105996151,0.6552452575777351
2014-04-01,-3.5772263182066673,-1.222276679071527,-0.35133762600965,-1.0627942540554494,-1.3596579375045015,0.602468681927537,0.548320488811549,0.09953906930293072,-1.4216027512510268
2014-05-01,1.568851651966847,0.43015144713732734,-0.005743136725475313,-0.20874199124150974,-1.0340875436190544,-0.49140355982878015,-0.1655163263524008,0.5836339631393984,-0.7998605068640141
2014-06-01,2.02077876960021,1.3853392194662344,0.9014052577512398,-0.9427636041517304,1.0088435952016612,-0.014509725722491517,-0.7516737788332867,1.5229015931069307,-0.44379777829752737
2014-07-01,2.8344982660106117,2.373025397589883,0.9091758257056242,0.24393682069628153,-3.310977022009603,0.8491701564035989,-0.5161832751532055,-0.8300331745166494,0.7178387789701653
2014-08-01,-2.2854119018732573,-1.474459538258094,0.59541907631857,0.584164696906176,1.485323148626368,-0.42020033937440376,0.6379601339566318,0.47206844799269987,-0.459154643701296
2014-09-01,0.44868663239388423,-0.6509883029906349,-1.67771322796734,1.5570380527969494,2.518707985869347,0.06468648360472183,-2.6486814181387115,-1.589185406821736,1.1607128949072707
2014-10-01,2.7704473912043355,0.5095946860762123,-1.1745561493390841,-0.46391098143038584,-0.03240270727942766,-0.11372569209234955,-0.24618848782366548,0.48786657594052496,0.9061706370053636
2014-11-01,2.4528136461520638,0.24138638882685115,-1.0713783042249645,-1.0708554772203684,0.10676560026558944,-0.6813628842401216,0.3961320525714064,1.170767036304858,1.7520272236861325
2014-12-01,-0.20320228860891765,-1.2772096556251757,-1.0619542779810658,1.1665111523202698,2.03164895416369,-0.5266199140746592,0.5568548960386637,-0.4984997759925622,0.17588827378843203
2015-01-01,0.5076410038455099,0.16712972556442277,-0.2991745340416938,-0.08233301758537939,-0.53058264740872,0.4235027486024843,-0.47305324459651893,-0.1678172995229267,-0.6828530317642151
2015-02-01,0.35024186348669334,0.06456703332707567,-0.6519575989231123,0.8801344830014484,-0.41534511093594284,-1.6149358643291556,0.3437024930052649,0.47985361331022036,-0.9635418953307885
2015-03-01,-3.874291496302253,-3.2367196736002155,0.38692742772459177,-0.5612834735505304,-0.7505500561799383,-0.9846713401737992,0.44936696297102574,0.3756756276273842,0.10334773712382139
2015-04-01,2.107574243394232,-0.38169706358065725,-0.6962692450145662,1.256562536236865,-0.04112466306746224,0.1298348293624142,1.6895486615368227,0.39769779677463263,-0.9933489415401643
2015-05-01,2.029404371772908,0.7681994272125195,-1.1062215743630068,0.9557294750488824,-0.7826099597411824,-0.7982082998377964,-0.6697877121403693,-0.6589303051415063,-0.11909728223092701
2015-06-01,4.957118677848791,2.9666190903201093,-0.7176515984683469,-1.2229700997369417,1.2525339764655705,-1.190556790318198,0.4075148267850223,-1.1980607629923838,1.6134310023801055
2015-07-01,-2.7917669799617073,-0.9610768757360242,1.2545306128986138,0.2217099357953484,0.06386177029881439,-1.816506106463752,-0.016921175169165196,0.5416935934127765,1.690377317704786
2015-08-01,4.430060495390132,0.6199231634958706,-1.6035151227844686,0.023196287441180196,0.40785791879911143,1.4124254700796042,1.9344557545021808,1.3781049434556794,0.8371311278793669
2015-09-01,2.922415121169174,2.321409336186904,0.2749775263458311,-0.7271118770207765,-0.3123066136597608,-0.1758541046331884,0.02829182803853908,1.4376460655295937,0.21697138935373075
2015-10-01,1.7621790467899494,0.4602161107502525,-1.1388220005233713,0.30707173947863703,-0.24200699635937561,-1.528470544984575,-0.9999755940317411,1.9022351900332053,-0.6103439565771039
2015-11-01,-0.6654647242755296,-0.19226876390387665,0.41992074621732317,-0.25578316659129524,0.08419277738009415,1.8582445077167535,-2.028188779727839,-0.04622629766518918,-1.096236978789063
2015-12-01,0.029205157012154148,0.5904212942960341,0.9290535490871978,-0.9325109804254929,-0.6511701070389173,-0.10357436034551036,-1.069465752867628,-0.13367275628167344,-1.8946147421419073
2016-01-01,1.6909209473350622,1.0414382157404167,0.06281519061671988,-0.37128785297647127,0.5557133813962498,-0.3115520317433262,0.5703434271878879,0.6524577514867188,0.9514836497960466
2016-02-01,-0.33468511026747044,-0.37569304734052583,0.15866842902242356,0.23583454414873553,1.9039506760456653,1.0420122230977429,2.130590416960905,-0.29982178831779455,2.7119669944519296
2016-03-01,-0.9639443668892831,-0.348620748523261,-0.3442234931351883,0.398741025461402,-0.24015067476995278,-0.7857113515367007,0.22347582437147956,-1.1902559083668816,-0.8708006069417898
2016-04-01,0.5301504345529031,0.6797001748340765,0.7408206616887736,-1.6194963154581925,-0.46640743091622494,-1.3807553293227144,-0.92057904369099,-0.992749839628911,1.0488949377340633
2016-05-01,-0.5103985668585871,-0.7874592939489787,0.41195373984012945,0.696340626992291,1.8854506616108944,0.635108638007758,1.2323635446151362,-0.5332528987718637,-0.37580511577085546
2016-06-01,-1.7801505364263892,0.07076455237730317,1.6386458250901663,0.9453315597422539,0.4585340656468831,0.8062406881657272,0.07244025927042438,0.8787774009613389,0.6414420336425272
2016-07-01,-0.43337396288799124,0.5557604806319768,1.4160904315387444,0.6054176139013712,0.029638072169513554,-0.36033385557940883,0.13362022509959753,0.546651702701765,0.4446202236901491
2016-08-01,4.113816097605429,1.0979475427944627,-2.290760122577304,0.462849580937656,0.2938597030744538,-0.6586303116889161,-1.3225842295925192,1.0564873175521658,0.3463431977845707
2016-09-01,1.018024967822279,0.6715992693464454,-0.1264777511984545,0.6349641947829899,0.37907823411339947,2.0171341448754183,-0.3712026552936951,0.08752985709580403,-2.524259065097805
2016-10-01,3.1082318739418278,1.125769837660944,-3.0297085897788194,0.5081532404827341,-0.4340659785403782,0.11447247716935423,-0.43694712179039874,0.4498603112733119,-0.28912731244229245
2016-11-01,3.967929645860836,1.6374907589019891,-1.1472558840612026,0.5248713339293233,-1.2283867944171314,0.42232080924239324,0.6972243991071633,0.4104971930877611,0.23211884820398057
2016-12-01,1.5721569359314738,-0.47951992637283253,-2.107203911623701,-0.8481221250444689,0.6509047164964429,-1.4789960432378324,-2.142163736866723,-0.5643263968137298,-0.751638587992576
2017-01-01,-0.8266104150092257,-0.48443042223494165,0.04877313308266411,-0.7312659027135557,0.6252716896688285,-1.7915212779269507,0.49961522747790654,-2.152353435985493,0.753582751213084
2017-02-01,-0.27913545414204255,-1.3677426429862192,-0.06986701033494214,0.4897285678690568,0.8770724251921961,1.1316902243160034,-0.518371183043776,-1.0359230326847322,-0.32777226578094704
2017-03-01,-0.15385922008534816,0.2077490004732511,0.43716734928858597,2.0247930053140033,-0.24638037163284687,-1.4936858240442776,-0.1423348272679602,1.825808887459545,-1.4759025195463018
2017-04-01,5.064705615678686,1.7991043669813862,-1.2037902831468437,0.13795870192849802,-0.4666378195613989,1.4431579175520284,0.2961668489419433,1.9319322342678982,0.01262009207480968
2017-05-01,1.856550468547732,0.97657189761172,-0.7452033237674442,-0.09832222880798663,0.1384599749837873,-1.2237507205514344,-0.19527358824486032,0.4083161278266851,-0.16371499722106783
2017-06-01,0.5437524641039868,0.4188884109659279,-0.5433445257060919,0.1269527487084395,-0.9901099050832286,-1.8037815647951077,0.3707715162725001,1.4681231394014291,0.5681804909263679
2017-07-01,-1.7478512767176886,-0.8930707602197983,-0.04325828451936062,-0.6142947832821025,-1.775435274121289,-1.1821671183126479,-1.1499002616918872,1.2164574306260998,-0.7503159891538501
2017-08-01,0.3623286214473038,-1.37189566733869,-0.47357194008157794,0.009147581196714702,0.5112879784043162,1.0916367711457207,0.8217575491046171,-1.447706496498284,-0.6861924034873876
2017-09-01,0.15070072553234792,-0.1761533540572019,-1.162823534265289,-1.7221478553817715,-0.09069113191424505,-0.820394007001919,1.281650012618213,0.019267920940536115,0.37800274076924345
2017-10-01,-1.1768779626917552,-0.2371975815499185,0.6497422182828385,0.6765589058263037,0.7771199034404674,1.426470571183504,0.4515714918663817,0.12634424529792676,-0.11847587204321117
2017-11-01,1.5287010853757763,0.5418995192032712,-0.9904070343045998,0.9754594082152054,1.1632345627580043,0.08348129117112249,1.6127718526034027,1.4822257891223773,0.5631932918884218
2017-12-01,0.909461758589289,1.7159571675426137,2.9145975347576547,-0.6615550486780626,0.42011390535458215,1.634088625730775,-0.8571790043832916,-0.22672705404827584,0.436084011179174
2018-01-01,-0.20165910834017642,-1.1014357240299741,-0.34322179055461965,0.3416319632061751,-0.5608205965832861,-0.15371259575565902,1.2055404626079722,0.5541796421885419,-0.7760157033032856
2018-02-01,3.8489466386794544,0.5931986393370504,-2.9074043953277404,1.6141669801042913,-1.42604287019757,0.09630672121438927,1.4878447445174405,1.272776639784607,0.46386909389375036
2018-03-01,2.6759817235902577,0.7602970589439495,-1.0336408108808737,0.0966999766176689,0.10409393990427217,-0.44728377991990537,0.05398802721080105,-0.6920772892905953,1.193998987854027
2018-04-01,1.1679954371454655,-0.7560781922738481,-1.6654324077366243,0.27732206305724677,1.3723889321515794,0.13927357649959732,1.247570336648389,0.36239754311265643,-1.4826696123978167
2018-05-01,1.7053029511671007,1.2386624448389207,0.32586143949967405,1.1408853004017114,-1.9408604010699353,0.7147035827535482,0.8211077559847564,0.34147024318447705,-0.6400319084174526
2018-06-01,-0.6883175744336072,-0.07180820554056137,0.25859492317572447,0.1333385256055739,-0.1588141688831265,1.1006062368763556,-0.18498046654912698,-1.8192123232124204,0.6517886022149785
2018-07-01,1.334743400280939,1.2687522459842164,0.27155538248691474,-0.20129438494115576,0.23724562242347288,-0.4460322123734607,-0.28492082099644533,0.5319804643086681,-0.6093224338313593
2018-08-01,1.9076861212364644,-0.3499378772793984,-1.1509497713457595,-1.164914635417628,-0.07089107739935656,-0.22036927466920309,-1.0825948493568696,0.9584476821013524,1.1051753745604294
2018-09-01,0.9124494622785461,1.1571278207616575,-0.037789084149559025,-0.5007155244216956,-0.8250876217234651,-0.6477341477440601,-0.6827450129991486,-0.45691821554973927,1.9356574080928481
2018-10-01,2.349687123334072,1.888934236438187,0.9275313638727001,-0.806358110788848,-0.12900073012255894,-0.20274477458634868,0.5355615750110062,-0.4668963262634654,-0.6506218560997749
2018-11-01,0.4232655526960416,1.440432040965561,0.5617407366480244,-0.3185000171690289,-0.3534696981478178,1.0847293176980322,0.6073668337093128,1.6644698717323032,1.7658905438530652
2018-12-01,2.925515380387732,-0.8810276095383538,-1.665147949951196,-1.3391090335770812,-0.7788446184759721,-1.3025960385853612,-1.1372631998415865,0.789338528785716,0.7038364136511298
2019-01-01,2.6426147925398027,1.340163562466735,-1.5247057775241226,1.3846752966051499,-1.6611444890581082,-2.0190775543224264,-0.5647103911169047,0.03954062131269377,0.031243756388981053
2019-02-01,-0.6765460003150703,0.4995550374658097,0.44827377608162294,0.021968289312443257,-3.025520276742657,-0.4758843342483081,-1.7003362047792383,0.6430940866674433,-0.868673587690012
2019-03-01,-0.560123042923016,-0.8162632291373783,-0.9704132096148534,-0.5330188836039444,-0.25552463975385037,0.49670301661013483,0.7354863965592713,0.28129650537317485,0.47857326367738434
2019-04-01,-5.098189434882851,-2.7256124556149084,0.37872378154121483,-1.41907336796332,2.0359229065292475,-0.8234602737836876,0.08358225619103189,0.32874180483018167,-0.7237224333419255
2019-05-01,-1.418662624520967,-0.2701855948594301,1.103915438146038,0.7990144994521342,-0.27557791317961067,0.37780657618697416,-0.8652674699457578,-0.030906693194093993,-1.0024715569144382
2019-06-01,-3.2844217271089233,-0.4793862813190209,1.472964555542711,-2.6022503558623793,-2.504929689058471,0.30355693971976055,-0.6629068377975713,-2.0219293043332507,0.8991864131008344
2019-07-01,-1.3236097092417511,-0.8992529421664025,-0.25529330626547625,-0.852808598415355,-0.19310198101897197,0.7359630070802843,0.4414363366473376,0.9137157275692636,-0.3190800956830645
2019-08-01,-0.2665756299128239,-0.08682672702522437,1.4846163097720617,2.4551257342856108,-0.6994540926813312,1.6521937286054884,0.44917326592606804,-1.5355430113017432,-0.5037192613418786
2019-09-01,-1.4571189880900306,-0.765193864729948,1.2302708786801266,-0.5087558700507615,0.05543169661214181,-0.4599738410461093,0.027419073382665242,-0.5004179199728196,-0.05805091984855154
2019-10-01,-0.16262618072702,-0.13401256029891015,0.3200898965665715,0.3205261592003092,1.5264981857097648,0.4143511579021457,-1.0572184572951553,1.9040604134034904,0.9831108947435178
2019-11-01,-1.398388013166527,-1.1010661659801877,-0.221370764938017,0.683177538000212,-2.4963181829324257,0.16767135008696996,1.53023868069473,-0.015313600657357705,-0.30813286330568246
2019-12-01,-2.310967379782767,-0.6978931821670861,0.5713431085913577,2.5815150223605197,0.4599871478480967,-0.7230734982117121,-0.353853589291975,0.12804164399694867,0.2595851380881573
2020-01-01,-3.6184774986397508,-0.614493685940112,0.8795980335374101,-0.3569218207891028,0.6102263051050868,0.3504575161267474,1.4769161208157728,-0.747545668990158,-0.5763728865784564
2020-02-01,1.7456574119661161,1.0829775313449532,1.082220879143858,-1.0479696238037315,0.050268145606910515,0.5918661317395978,1.110184363842469,-1.2895683865557337,-0.061301644863637546
2020-03-01,1.2364114683791612,-0.7274395548063805,0.7063091307538492,1.0928959605642505,-1.353333171224432,0.8079971463296027,-2.168655828708138,-0.7364320481525033,0.1458239245257306
2020-04-01,-1.836593379798463,-0.9543172909645748,0.426801032630588,-0.7179299466893524,-0.9141017480624142,0.8020016445055876,1.4453325605080576,-0.021476650628279925,0.42564742619145907
2020-05-01,-0.3182779355037644,0.0778865653386068,0.6691010184140702,-0.33079443064832176,0.12465769598610642,0.6959914706016153,-0.9014781426637575,0.3583450943042336,0.6687355113477678
2020-06-01,-2.633381871280906,-1.2464644528982916,-0.6417143154254775,2.251111919862796,0.60797168281612,-1.2273783187180307,0.5908746863598072,-1.7596386226001712,-0.8915684712371342
2020-07-01,-2.7041710836816373,-0.7542320083770898,0.06935319309820137,-0.037954423071239994,-0.6191952834038899,-1.645959548321605,0.108189608662919,-0.16471553203577996,-0.6715548013920569
2020-08-01,-4.48411578517406,-1.7773158552311517,0.24764812676053116,-0.7107607677073206,-0.9486014725944274,-0.6063817771549809,0.059732047297794244,0.6141255505905381,2.054302838193635
2020-09-01,-3.9914881615773687,-1.6290568256078721,1.4337272532215075,-1.2046031014264993,1.6439067399985428,0.04362993894415027,1.6407562835642506,1.0354506511320167,0.7743848697440809
2020-10-01,3.7143218505795774,1.8999173941232286,-0.994015411233329,2.3218463357993784,-0.1706023339412288,1.550718950058911,0.2126770234226968,0.7142409483448454,0.14174685434819526
2020-11-01,-0.4491438043680174,0.25666667149187894,-1.0886414269359375,-1.4189919761144476,-0.3645412980062439,1.3993780342522606,-0.3640843609971418,-0.10447681904749707,1.0362978258100815
2020-12-01,-3.3357573952109654,-1.4560680263795676,0.38371724324455203,-0.5764280942709195,0.7887584874910685,-0.7917124415981602,2.0602920891948204,0.4123358837317021,-0.5390691365952903
2021-01-01,0.9223510452509347,0.6680240483845045,1.2142711403181712,-0.0733105579861774,1.6392767734620453,0.47733077432872817,0.3571539482933512,0.6037090200770306,-2.5330734480157044
2021-02-01,1.0254130106274082,1.6440988045748948,0.23840696903719788,-0.4731887093007498,-0.13200185298635198,-1.0190975110675147,-1.2818918719724035,-0.3751991829263273,0.1280505665525377
2021-03-01,-2.116466556353953,-2.5089321591269704,-1.5969587975112585,1.341144921494867,1.1853243781309395,-0.012119946557296351,-0.7155421686644127,-0.6016464301673022,-0.3883919292231805
2021-04-01,1.4687888492430317,0.21506837613100388,-1.1065815295995303,-1.9042889130480207,-0.8434159654623451,0.14141590284643119,0.661756816769495,0.9422764745671419,0.7657682938083981
2021-05-01,-2.2351172911048693,1.005797859711158,1.9540186137435995,-1.5793272209638551,0.10399220244665625,-0.29536948042911154,1.5061915928042244,0.8757293109322947,-2.0219866356097778
2021-06-01,3.063225354434062,1.2110899248366878,-1.2622219324697803,1.1442948438733442,-0.6000481471450904,0.031085038113486486,-0.1444930467690096,-1.411953279696853,-0.5919076297360679
2021-07-01,1.3063733894189327,-0.224851282260805,-0.841608132698941,-0.48551094393208766,-1.5345604339615528,-0.06046736654307373,0.732664954417703,-0.29915404356172953,1.1293905858649356
2021-08-01,-2.3540183456464794,-0.4646380384216051,0.37203823469458436,-1.8846010203111465,0.38370776582058325,1.0769841218413845,-1.6567835621143983,0.5753529403697683,-1.0174704435197237
2021-09-01,-1.6898727947955205,-0.632416711238583,0.6361961577672339,0.9696093820501707,1.0534052680953234,-0.02516256354466076,1.5370377263805175,-1.8346211507767944,0.6461391442494854
2021-10-01,1.46421967507275,2.3434937438993284,1.2338905108012033,0.07551661527515435,1.8545529803059173,1.5668690209165093,-0.03496690920660209,0.626957582145813,1.9993843175254973
2021-11-01,-1.3514218577048815,-0.10119218742421819,1.2041166399170764,0.5549532453583649,-0.08225125307195652,0.662489841267771,-1.351872539302445,0.45703941432279166,0.3788054339877099
2021-12-01,0.7949922651548302,1.4151954703112486,0.9670500391080346,-0.457221624279221,-0.02498099348037937,-2.2397505983445347,0.1198306908972811,-0.726666964498466,-0.9928908216306784
2022-01-01,4.141221875922753,0.7273331707558407,-1.3942306523416264,-0.9965221380212224,0.023352448093424908,0.10164802898033913,-1.6183680730663068,-0.3223474618565497,0.6060751263728763
2022-02-01,-0.8805955497007881,-0.6957031998394547,-0.4654813409168307,-1.0363895497979603,0.8758770962692514,-1.7072330324799894,-2.4669629896314618,0.044910900084832256,-1.416703623034069
2022-03-01,-1.7615715302529416,-0.4605537808394676,1.579006636533723,-0.013484736717452959,0.055730900212422725,0.24053590510742512,-0.30709180833634536,0.030420481086426657,1.333633653626018
2022-04-01,2.116769469159617,1.4975151527404607,-0.6969235522194467,0.5271525855290154,0.5817393605383904,-1.0366559709223577,-0.6382534161229341,0.31766258580564394,0.2799091728769743
2022-05-01,-4.830682433440115,-2.640843226250255,-1.0464436457594952,0.9435154106795226,-0.5504091732994122,-0.3466469020389847,-0.24947083412465834,-0.29952170880144147,-0.11988490363695553
2022-06-01,-1.4128699601944255,0.10880497570154972,0.8042290362258183,0.19724667932148138,0.36187642416774746,0.7775409600967401,-0.10077261898143869,-0.035100974025874546,-0.9730267598401511
2022-07-01,5.035534367687842,1.9017010987300353,-1.0980360752358342,1.5368250510625188,-1.4389203623831097,0.2868753454662348,-0.4304658570631798,1.0803348390429874,-0.9237643759683709
2022-08-01,2.5376638672637153,0.32763846675441466,-1.506413335416366,0.7548970112263421,-0.060527519177523484,-0.6068914004735348,-1.6377450473955946,-0.9993090667018232,-1.0942419895671351
2022-09-01,-1.9678890155548499,-0.5066782657177161,1.5059388319205123,-0.868219406166016,1.0157208960616266,0.3762307647364352,2.307054954811899,0.14418958299465884,-0.9720119788509031
2022-10-01,-3.287862929173383,-1.623630450318028,0.426234860640909,-0.21408382759554398,-2.090343024753679,0.41077903948230216,0.1618599186992417,-0.14250074902361082,-0.13188576991072884
2022-11-01,-0.04426082669503906,-0.6752137791449615,0.36372847136552905,0.8638060532558719,-1.5042435599721198,0.3845687376055994,-1.023285228113217,1.7495571615438406,-1.1534119909734688
2022-12-01,-0.5016524195445503,1.5204771936794694,2.081467687452065,-0.7169614344334689,-0.6702665397507527,-0.15181554898370925,-0.688760664324759,0.9548863599755425,1.4034381183009066
2023-01-01,-0.23838811458710019,-0.05586501067367912,0.759371696800892,-0.314218699431602,-1.9619519092926168,-0.7763508893955812,-1.0661909523317639,0.01875735085481007,1.6998278926878798
2023-02-01,0.8683671461175121,0.5822007178699574,0.5114000139586833,0.15344212988764722,0.15007131613202157,-1.2485703519838032,1.1767672583464919,-1.053265486702445,1.9073987435891153
2023-03-01,-2.1223167271194523,-0.2532668157445402,1.515272961187942,-1.045291545193843,0.7721531141058229,-1.1561795297134125,-0.09897667062740981,-1.2264118284684715,1.653210422288552
2023-04-01,-1.8002340777938803,-0.8455395752777582,-0.2854703516674755,0.23322218987018833,0.2221244756670676,-0.33085051889938294,0.5451881207606543,1.8798973344670054,0.39595707245359174
2023-05-01,0.049836336741559406,0.18148410132235215,-0.35836414079560663,0.04351799138229497,-1.063223388407644,-0.41294567151830774,0.3307420656695738,2.274920872964335,-0.9546625559621218
2023-06-01,-0.6294465322390022,0.29623953668753955,-0.21277303669422098,0.27063638700214304,-0.5066277242508226,-0.06996750483091883,-0.31017394916257496,-1.3703822089073747,1.1601006751460572
2023-07-01,-2.52672047918008,-0.9760855620131483,0.8651406405186297,0.5198073599396248,1.3358859608180227,0.3596746019686668,1.7583467888950848,0.4139801450535441,-1.9706235763470268
2023-08-01,-1.775359724130189,-1.899528048506173,-0.14196147493588046,0.7750526184200182,0.08344139348661994,1.339167332590472,-0.3460368327115848,-0.29274904725612527,-1.1393683883127357
2023-09-01,-1.0041777564609404,-0.7176927322190324,0.33823447044083654,0.30335727425783027,-0.810862138811324,-0.7370177553380857,-0.6784309382476531,-0.10895332741003978,-0.8423954086491254
2023-10-01,-0.7377511491225621,-0.02288561817092542,0.5964991921968621,-0.17245272910861617,-0.961019544647797,1.0413256001567683,1.133234605518434,-0.5680979719791629,1.1602314329481687
2023-11-01,-0.309305989321224,1.220871795238368,0.09147409506430236,-1.2122809886024453,-1.5386086600677196,-1.9957078725638924,0.589876818338966,1.3231415077107693,1.0002754008156207
2023-12-01,0.7641816772011867,0.8901728720919824,-0.17762154769468763,-0.07362374420860396,0.09677066770037154,0.08055910813280916,0.8349163747454483,0.28839332120488126,-2.243474297015398
2024-01-01,1.6720462881850922,0.4172757721229723,-0.5628092943335316,0.920236810430101,0.30040873252553946,-1.128869567581935,-1.2869240294915996,-1.2604534119158926,-0.5034137461108813
2024-02-01,0.8936831191788529,-0.6983712626308137,-1.258520975397449,0.2884837106782523,-0.6980162244613994,0.13480163330802403,-0.19531656294525646,1.1959131011279973,1.544215405371422
2024-03-01,-1.1869156914605434,0.14329413889853032,1.55202970750578,-1.1775731738486472,-1.720878918389547,0.1924917452411202,0.3990778087849604,-0.7936837850293853,1.152862674800788
2024-04-01,-2.9501794615642676,-1.6394987625800574,-0.4133110592433473,0.008562420885521463,0.4363230324914133,-0.6314645704734158,0.5341981888180906,0.46912844074249155,-0.41395552665528007
2024-05-01,-3.4613458789950187,-1.21576055220745,1.9645746961371133,-0.08221450570471239,1.5687643396576325,0.24264437773221717,-1.3856493709246294,1.4454311597696388,0.10683390478348412
2024-06-01,0.4973244481803465,0.5332957568444279,-1.3372816201631963,1.432927316219807,2.331731264982176,-1.119131998581734,0.6461289247205113,0.3387318012667014,-0.8480222361539357
2024-07-01,-2.9223730450912546,-1.4782092872344519,0.5093692981204301,1.4743573607098375,0.23759518461311868,0.7497855326551408,-0.8383441169577603,-0.9476643917611127,1.7035707321962077
2024-08-01,0.09971263167540667,0.6173406268757858,1.8273973133644414,-0.9689295397813653,0.07613512550399605,0.3290956893731927,0.9390286796923865,-0.004601821637962339,0.9581671569208289
2024-09-01,-2.6252250204048675,0.1665272326635602,2.535868376736534,0.19511881658205238,-1.2736582576527855,-0.5542424429062748,-0.21755552619364524,0.6250254871701318,0.5259081299146644
2024-10-01,-0.2315244195520414,-0.09023729543691371,0.10890158267639241,0.5551073159880721,0.24015768000856724,-1.2003083075006569,-0.5988038346374183,1.8700810385485476,0.00028740492697889734
2024-11-01,1.6193871878139676,0.6557445402824068,-0.5253995262886484,0.0702862961473099,-1.3770569264895898,-1.4592799728788384,-0.9931769895925633,-1.0141951632920703,-0.1562585044853161
2024-12-01,-3.5001145420272017,-1.7953212139329486,0.2956027851610485,2.149029658418794,1.5008469149174277,-0.7681995033828831,1.7041770148887845,1.3550386156504879,1.8419777526172847
